id,sales_daily,Datum,Warengruppe
1808011,133.29825,2018-08-01,1
1808021,145.66043,2018-08-02,1
1808031,148.2921,2018-08-03,1
1808041,186.19662,2018-08-04,1
1808051,106.97225,2018-08-05,1
1808061,147.08351,2018-08-06,1
1808071,133.1605,2018-08-07,1
1808081,133.12881,2018-08-08,1
1808091,145.47888,2018-08-09,1
1808101,148.21658,2018-08-10,1
1808111,186.0389,2018-08-11,1
1808121,106.78786,2018-08-12,1
1808131,146.93245,2018-08-13,1
1808141,133.0622,2018-08-14,1
1808151,132.9493,2018-08-15,1
1808161,145.28712,2018-08-16,1
1808171,148.13704,2018-08-17,1
1808181,185.87328,2018-08-18,1
1808191,80.32076,2018-08-19,1
1808201,142.36046,2018-08-20,1
1808211,127.77093,2018-08-21,1
1808221,124.65377,2018-08-22,1
1808231,138.31392,2018-08-23,1
1808241,135.05135,2018-08-24,1
1808251,156.75732,2018-08-25,1
1808261,80.21613,2018-08-26,1
1808271,142.45958,2018-08-27,1
1808281,127.91077,2018-08-28,1
1808291,124.84151,2018-08-29,1
1808301,138.41228,2018-08-30,1
1808311,135.2552,2018-08-31,1
1809011,140.6267,2018-09-01,1
1809021,74.85406,2018-09-02,1
1809031,135.4285,2018-09-03,1
1809041,119.16372,2018-09-04,1
1809051,114.78091,2018-09-05,1
1809061,127.20115,2018-09-06,1
1809071,126.32178,2018-09-07,1
1809081,140.63704,2018-09-08,1
1809091,74.90536,2018-09-09,1
1809101,135.53072,2018-09-10,1
1809111,119.29224,2018-09-11,1
1809121,114.97379,2018-09-12,1
1809131,127.30204,2018-09-13,1
1809141,126.541306,2018-09-14,1
1809151,140.64746,2018-09-15,1
1809161,74.95706,2018-09-16,1
1809171,135.63371,2018-09-17,1
1809181,119.42162,2018-09-18,1
1809191,115.16786,2018-09-19,1
1809201,127.4035,2018-09-20,1
1809211,126.76198,2018-09-21,1
1809221,140.65794,2018-09-22,1
1809231,75.008995,2018-09-23,1
1809241,135.73708,2018-09-24,1
1809251,119.55143,2018-09-25,1
1809261,115.362495,2018-09-26,1
1809271,127.50521,2018-09-27,1
1809281,126.98307,2018-09-28,1
1809291,140.66841,2018-09-29,1
1809301,75.06097,2018-09-30,1
1810011,128.82655,2018-10-01,1
1810021,112.44812,2018-10-02,1
1810031,119.50521,2018-10-03,1
1810041,116.98551,2018-10-04,1
1810051,125.65995,2018-10-05,1
1810061,132.61122,2018-10-06,1
1810071,76.58431,2018-10-07,1
1810081,128.90367,2018-10-08,1
1810091,112.61608,2018-10-09,1
1810101,119.666214,2018-10-10,1
1810111,117.17708,2018-10-11,1
1810121,125.866806,2018-10-12,1
1810131,132.58444,2018-10-13,1
1810141,76.568306,2018-10-14,1
1810151,128.98024,2018-10-15,1
1810161,112.78275,2018-10-16,1
1810171,119.87171,2018-10-17,1
1810181,117.36685,2018-10-18,1
1810191,126.07154,2018-10-19,1
1810201,135.06853,2018-10-20,1
1810211,74.454956,2018-10-21,1
1810221,133.48561,2018-10-22,1
1810231,118.482086,2018-10-23,1
1810241,120.18076,2018-10-24,1
1810251,124.09605,2018-10-25,1
1810261,128.66223,2018-10-26,1
1810271,135.16646,2018-10-27,1
1810281,74.504814,2018-10-28,1
1810291,132.964,2018-10-29,1
1810301,117.98781,2018-10-30,1
1811011,121.68673,2018-11-01,1
1811021,120.10174,2018-11-02,1
1811031,122.57549,2018-11-03,1
1811041,78.15716,2018-11-04,1
1811051,127.16415,2018-11-05,1
1811061,111.208,2018-11-06,1
1811071,109.919334,2018-11-07,1
1811081,121.77929,2018-11-08,1
1811091,120.08264,2018-11-09,1
1811101,122.7481,2018-11-10,1
1811111,78.20283,2018-11-11,1
1811121,126.712074,2018-11-12,1
1811131,110.839134,2018-11-13,1
1811141,109.55449,2018-11-14,1
1811151,121.81416,2018-11-15,1
1811161,119.72647,2018-11-16,1
1811171,122.90786,2018-11-17,1
1811181,78.244896,2018-11-18,1
1811191,126.29776,2018-11-19,1
1811201,110.50289,2018-11-20,1
1811211,109.22381,2018-11-21,1
1811221,121.418785,2018-11-22,1
1811231,119.40765,2018-11-23,1
1811241,123.04988,2018-11-24,1
1811251,78.28202,2018-11-25,1
1811261,125.9349,2018-11-26,1
1811271,110.21082,2018-11-27,1
1811281,108.93908,2018-11-28,1
1811291,121.081535,2018-11-29,1
1811301,119.13839,2018-11-30,1
1812011,132.28409,2018-12-01,1
1812021,81.172966,2018-12-02,1
1812031,124.659935,2018-12-03,1
1812041,118.522545,2018-12-04,1
1812051,116.478065,2018-12-05,1
1812061,127.107475,2018-12-06,1
1812071,118.30872,2018-12-07,1
1812081,132.37352,2018-12-08,1
1812091,81.22174,2018-12-09,1
1812101,124.446236,2018-12-10,1
1812111,118.35705,2018-12-11,1
1812121,116.337715,2018-12-12,1
1812131,126.93276,2018-12-13,1
1812141,118.17642,2018-12-14,1
1812151,132.42844,2018-12-15,1
1812161,81.250275,2018-12-16,1
1812171,124.32804,2018-12-17,1
1812181,118.27151,2018-12-18,1
1812191,116.27102,2018-12-19,1
1812201,126.858116,2018-12-20,1
1812211,145.0916,2018-12-21,1
1812221,169.43065,2018-12-22,1
1812231,200.0,2018-12-23,1
1812241,250.0,2018-12-24,1
1812271,152.4828,2018-12-27,1
1812281,145.0749,2018-12-28,1
1812291,169.44687,2018-12-29,1
1812301,120.947914,2018-12-30,1
1812311,250.0,2018-12-31,1
1901021,125.29211,2019-01-02,1
1901031,137.36217,2019-01-03,1
1901041,137.87132,2019-01-04,1
1901051,141.96144,2019-01-05,1
1901061,98.53983,2019-01-06,1
1901071,118.83242,2019-01-07,1
1901081,107.247,2019-01-08,1
1901091,97.835075,2019-01-09,1
1901101,113.46257,2019-01-10,1
1901111,110.54105,2019-01-11,1
1901121,112.85385,2019-01-12,1
1901131,62.002457,2019-01-13,1
1901141,119.1235,2019-01-14,1
1901151,107.52665,2019-01-15,1
1901161,98.09704,2019-01-16,1
1901171,113.78933,2019-01-17,1
1901181,110.811806,2019-01-18,1
1901191,112.73008,2019-01-19,1
1901201,61.831875,2019-01-20,1
1901211,119.4907,2019-01-21,1
1901221,107.87438,2019-01-22,1
1901231,98.41845,2019-01-23,1
1901241,113.79553,2019-01-24,1
1901251,111.13619,2019-01-25,1
1901261,112.58338,2019-01-26,1
1901271,61.6317,2019-01-27,1
1901281,119.917564,2019-01-28,1
1901291,108.27509,2019-01-29,1
1901301,98.78579,2019-01-30,1
1901311,82.31358,2019-01-31,1
1902011,90.219406,2019-02-01,1
1902021,115.93548,2019-02-02,1
1902031,63.040672,2019-02-03,1
1902041,118.66444,2019-02-04,1
1902051,106.828995,2019-02-05,1
1902061,104.08651,2019-02-06,1
1902071,112.91205,2019-02-07,1
1902081,116.77857,2019-02-08,1
1902091,115.75891,2019-02-09,1
1902101,62.802334,2019-02-10,1
1902111,119.16755,2019-02-11,1
1902121,107.27102,2019-02-12,1
1902131,104.51147,2019-02-13,1
1902141,112.81639,2019-02-14,1
1902151,116.57967,2019-02-15,1
1902161,115.573715,2019-02-16,1
1902171,62.553055,2019-02-17,1
1902181,119.53974,2019-02-18,1
1902191,107.13059,2019-02-19,1
1902201,104.95247,2019-02-20,1
1902211,112.71736,2019-02-21,1
1902221,116.374214,2019-02-22,1
1902231,115.3828,2019-02-23,1
1902241,62.296604,2019-02-24,1
1902251,119.43767,2019-02-25,1
1902261,106.98664,2019-02-26,1
1902271,105.403725,2019-02-27,1
1902281,112.61619,2019-02-28,1
1903011,119.912346,2019-03-01,1
1903021,133.58064,2019-03-02,1
1903031,66.35596,2019-03-03,1
1903041,125.49241,2019-03-04,1
1903051,114.89117,2019-03-05,1
1903061,110.085434,2019-03-06,1
1903071,129.7663,2019-03-07,1
1903081,119.70034,2019-03-08,1
1903091,133.57005,2019-03-09,1
1903101,66.33014,2019-03-10,1
1903111,125.38779,2019-03-11,1
1903121,114.74395,2019-03-12,1
1903131,110.0819,2019-03-13,1
1903141,129.66321,2019-03-14,1
1903151,119.48715,2019-03-15,1
1903161,133.55943,2019-03-16,1
1903171,66.30421,2019-03-17,1
1903181,125.28278,2019-03-18,1
1903191,114.59627,2019-03-19,1
1903211,129.5599,2019-03-21,1
1903221,119.273636,2019-03-22,1
1903231,133.54878,2019-03-23,1
1903241,66.27827,2019-03-24,1
1903251,125.17779,2019-03-25,1
1903261,114.44869,2019-03-26,1
1903271,109.686745,2019-03-27,1
1903281,129.45677,2019-03-28,1
1903291,119.06057,2019-03-29,1
1903301,133.53816,2019-03-30,1
1903311,66.252396,2019-03-31,1
1904011,119.77087,2019-04-01,1
1904021,116.15853,2019-04-02,1
1904041,142.53978,2019-04-04,1
1904051,121.14385,2019-04-05,1
1904061,163.50703,2019-04-06,1
1904071,85.54868,2019-04-07,1
1904081,126.7546,2019-04-08,1
1904091,122.646,2019-04-09,1
1904101,118.035675,2019-04-10,1
1904111,142.57262,2019-04-11,1
1904121,121.02719,2019-04-12,1
1904131,163.68617,2019-04-13,1
1904141,85.64677,2019-04-14,1
1904151,126.67788,2019-04-15,1
1904161,122.602104,2019-04-16,1
1904171,118.04077,2019-04-17,1
1904181,250.0,2019-04-18,1
1904201,180.0,2019-04-20,1
1904211,190.0,2019-04-21,1
1904221,120.0,2019-04-22,1
1904231,115.7276,2019-04-23,1
1904241,111.14568,2019-04-24,1
1904251,136.71767,2019-04-25,1
1904261,113.40196,2019-04-26,1
1904271,143.88554,2019-04-27,1
1904281,66.82367,2019-04-28,1
1904291,119.36588,2019-04-29,1
1904301,115.59083,2019-04-30,1
1905021,111.5151,2019-05-02,1
1905031,125.11183,2019-05-03,1
1905041,131.37573,2019-05-04,1
1905051,68.69376,2019-05-05,1
1905061,128.41132,2019-05-06,1
1905071,114.02196,2019-05-07,1
1905081,112.77898,2019-05-08,1
1905091,111.425354,2019-05-09,1
1905101,124.92803,2019-05-10,1
1905111,131.36665,2019-05-11,1
1905121,68.67573,2019-05-12,1
1905131,128.32367,2019-05-13,1
1905141,113.90014,2019-05-14,1
1905151,112.617905,2019-05-15,1
1905161,111.34228,2019-05-16,1
1905171,124.758644,2019-05-17,1
1905181,131.35832,2019-05-18,1
1905191,68.72843,2019-05-19,1
1905201,128.24408,2019-05-20,1
1905211,113.79013,2019-05-21,1
1905221,112.4733,2019-05-22,1
1905231,111.26815,2019-05-23,1
1905241,124.60852,2019-05-24,1
1905251,131.351,2019-05-25,1
1905261,68.77448,2019-05-26,1
1905271,128.17506,2019-05-27,1
1905281,113.69554,2019-05-28,1
1905291,112.35009,2019-05-29,1
1905301,150.0,2019-05-30,1
1905311,124.483086,2019-05-31,1
1906011,146.76585,2019-06-01,1
1906021,73.655685,2019-06-02,1
1906031,133.9669,2019-06-03,1
1906041,119.540054,2019-06-04,1
1906051,112.35581,2019-06-05,1
1906061,127.293465,2019-06-06,1
1906071,128.48389,2019-06-07,1
1906081,146.76134,2019-06-08,1
1906091,73.711006,2019-06-09,1
1906101,200.0,2019-06-10,1
1906111,119.487816,2019-06-11,1
1906121,112.29065,2019-06-12,1
1906131,127.26195,2019-06-13,1
1906141,128.42403,2019-06-14,1
1906151,146.75862,2019-06-15,1
1906161,73.74273,2019-06-16,1
1906171,133.90584,2019-06-17,1
1906181,119.461525,2019-06-18,1
1906191,112.26064,2019-06-19,1
1906201,127.24899,2019-06-20,1
1906211,128.40294,2019-06-21,1
1906221,146.75786,2019-06-22,1
1906231,73.748985,2019-06-23,1
1906241,133.90392,2019-06-24,1
1906251,119.46275,2019-06-25,1
1906261,112.26761,2019-06-26,1
1906271,127.255394,2019-06-27,1
1906281,140.95721,2019-06-28,1
1906291,173.93958,2019-06-29,1
1906301,99.82534,2019-06-30,1
1907011,147.59247,2019-07-01,1
1907021,129.71713,2019-07-02,1
1907031,131.42387,2019-07-03,1
1907041,147.2525,2019-07-04,1
1907051,143.85675,2019-07-05,1
1907061,164.9022,2019-07-06,1
1907071,106.598175,2019-07-07,1
1907081,147.53343,2019-07-08,1
1907091,129.67638,2019-07-09,1
1907111,147.16429,2019-07-11,1
1907121,143.81844,2019-07-12,1
1907131,164.8189,2019-07-13,1
1907141,106.49709,2019-07-14,1
1907151,147.44772,2019-07-15,1
1907161,129.61876,2019-07-16,1
1907171,131.23686,2019-07-17,1
1907181,147.04509,2019-07-18,1
1907191,143.76767,2019-07-19,1
1907201,164.7105,2019-07-20,1
1907211,106.367714,2019-07-21,1
1907221,147.33965,2019-07-22,1
1907231,129.5471,2019-07-23,1
1907241,131.10371,2019-07-24,1
1907251,146.90054,2019-07-25,1
1907261,143.70677,2019-07-26,1
1907271,164.58183,2019-07-27,1
1907281,106.2156,2019-07-28,1
1907291,147.2137,2019-07-29,1
1907301,129.46434,2019-07-30,1
1808012,543.51013,2018-08-01,2
1808022,547.5289,2018-08-02,2
1808032,581.0675,2018-08-03,2
1808042,692.04004,2018-08-04,2
1808052,687.25146,2018-08-05,2
1808062,545.88275,2018-08-06,2
1808072,548.8367,2018-08-07,2
1808082,542.8112,2018-08-08,2
1808092,546.82306,2018-08-09,2
1808102,580.35516,2018-08-10,2
1808112,691.32153,2018-08-11,2
1808122,687.10144,2018-08-12,2
1808132,545.1526,2018-08-13,2
1808142,548.10126,2018-08-14,2
1808152,542.07056,2018-08-15,2
1808162,546.07764,2018-08-16,2
1808172,579.6051,2018-08-17,2
1808182,690.567,2018-08-18,2
1808192,625.0537,2018-08-19,2
1808202,478.6355,2018-08-20,2
1808212,481.58038,2018-08-21,2
1808222,475.54623,2018-08-22,2
1808232,479.54987,2018-08-23,2
1808242,513.0742,2018-08-24,2
1808252,624.0331,2018-08-25,2
1808262,624.2715,2018-08-26,2
1808272,477.8506,2018-08-27,2
1808282,480.79297,2018-08-28,2
1808292,474.75635,2018-08-29,2
1808302,478.75775,2018-08-30,2
1808312,512.27997,2018-08-31,2
1809012,495.58887,2018-09-01,2
1809022,516.1045,2018-09-02,2
1809032,357.72455,2018-09-03,2
1809042,364.52646,2018-09-04,2
1809052,354.86215,2018-09-05,2
1809062,366.76202,2018-09-06,2
1809072,377.3826,2018-09-07,2
1809082,494.78165,2018-09-08,2
1809092,515.29614,2018-09-09,2
1809102,356.91504,2018-09-10,2
1809112,363.7159,2018-09-11,2
1809122,354.0506,2018-09-12,2
1809132,365.9496,2018-09-13,2
1809142,376.56934,2018-09-14,2
1809152,493.96762,2018-09-15,2
1809162,514.4813,2018-09-16,2
1809172,356.09964,2018-09-17,2
1809182,362.89993,2018-09-18,2
1809192,353.23407,2018-09-19,2
1809202,365.13254,2018-09-20,2
1809212,375.7519,2018-09-21,2
1809222,493.14978,2018-09-22,2
1809232,513.6632,2018-09-23,2
1809242,355.28122,2018-09-24,2
1809252,362.0812,2018-09-25,2
1809262,352.4152,2018-09-26,2
1809272,364.31357,2018-09-27,2
1809282,374.9328,2018-09-28,2
1809292,492.3307,2018-09-29,2
1809302,512.8441,2018-09-30,2
1810012,382.3337,2018-10-01,2
1810022,375.9017,2018-10-02,2
1810032,410.24423,2018-10-03,2
1810042,380.91406,2018-10-04,2
1810052,397.72882,2018-10-05,2
1810062,475.15088,2018-10-06,2
1810072,519.2162,2018-10-07,2
1810082,381.51694,2018-10-08,2
1810092,375.08545,2018-10-09,2
1810102,374.8191,2018-10-10,2
1810112,380.0992,2018-10-11,2
1810122,396.91473,2018-10-12,2
1810132,474.33774,2018-10-13,2
1810142,518.8797,2018-10-14,2
1810152,380.7058,2018-10-15,2
1810162,374.27554,2018-10-16,2
1810172,374.01044,2018-10-17,2
1810182,379.292,2018-10-18,2
1810192,396.109,2018-10-19,2
1810202,463.6521,2018-10-20,2
1810212,508.1958,2018-10-21,2
1810222,370.02386,2018-10-22,2
1810232,363.5956,2018-10-23,2
1810242,363.3327,2018-10-24,2
1810252,368.61667,2018-10-25,2
1810262,385.43625,2018-10-26,2
1810272,462.86362,2018-10-27,2
1810282,507.41028,2018-10-28,2
1810292,369.2414,2018-10-29,2
1810302,362.81653,2018-10-30,2
1811012,289.81226,2018-11-01,2
1811022,305.8153,2018-11-02,2
1811032,401.24722,2018-11-03,2
1811042,519.0966,2018-11-04,2
1811052,294.07172,2018-11-05,2
1811062,282.57642,2018-11-06,2
1811072,285.98468,2018-11-07,2
1811082,289.07382,2018-11-08,2
1811092,305.08282,2018-11-09,2
1811102,400.521,2018-11-10,2
1811112,518.3771,2018-11-11,2
1811122,293.3591,2018-11-12,2
1811132,281.8711,2018-11-13,2
1811142,285.28705,2018-11-14,2
1811152,288.3843,2018-11-15,2
1811162,304.4018,2018-11-16,2
1811172,399.84888,2018-11-17,2
1811182,517.7142,2018-11-18,2
1811192,292.706,2018-11-19,2
1811202,281.22818,2018-11-20,2
1811212,284.6548,2018-11-21,2
1811222,287.7631,2018-11-22,2
1811232,303.79214,2018-11-23,2
1811242,399.25128,2018-11-24,2
1811252,517.12915,2018-11-25,2
1811262,292.13397,2018-11-26,2
1811272,280.66968,2018-11-27,2
1811282,284.11035,2018-11-28,2
1811292,287.23322,2018-11-29,2
1811302,303.27734,2018-11-30,2
1812012,407.47876,2018-12-01,2
1812022,503.86172,2018-12-02,2
1812032,298.50528,2018-12-03,2
1812042,321.65582,2018-12-04,2
1812052,318.94876,2018-12-05,2
1812062,319.63672,2018-12-06,2
1812072,306.21313,2018-12-07,2
1812082,407.10245,2018-12-08,2
1812092,503.50488,2018-12-09,2
1812102,298.16843,2018-12-10,2
1812112,321.33936,2018-12-11,2
1812122,318.65308,2018-12-12,2
1812132,319.36224,2018-12-13,2
1812142,305.9602,2018-12-14,2
1812152,406.8714,2018-12-15,2
1812162,503.29608,2018-12-16,2
1812172,297.98212,2018-12-17,2
1812182,321.17578,2018-12-18,2
1812192,318.51263,2018-12-19,2
1812202,319.245,2018-12-20,2
1812212,387.56488,2018-12-21,2
1812222,489.06683,2018-12-22,2
1812232,578.72144,2018-12-23,2
1812242,540.29114,2018-12-24,2
1812272,401.91446,2018-12-27,2
1812282,387.57986,2018-12-28,2
1812292,489.08667,2018-12-29,2
1812302,578.7461,2018-12-30,2
1812312,540.32074,2018-12-31,2
1901022,345.26245,2019-01-02,2
1901032,355.24255,2019-01-03,2
1901042,377.3316,2019-01-04,2
1901052,449.32632,2019-01-05,2
1901062,532.41394,2019-01-06,2
1901072,267.1543,2019-01-07,2
1901082,273.37607,2019-01-08,2
1901092,264.15387,2019-01-09,2
1901102,277.11334,2019-01-10,2
1901112,296.6024,2019-01-11,2
1901122,371.01703,2019-01-12,2
1901132,461.60626,2019-01-13,2
1901142,267.59097,2019-01-14,2
1901152,273.83054,2019-01-15,2
1901162,264.62564,2019-01-16,2
1901172,277.60196,2019-01-17,2
1901182,297.1073,2019-01-18,2
1901192,371.53772,2019-01-19,2
1901202,462.14233,2019-01-20,2
1901212,268.14178,2019-01-21,2
1901222,274.39563,2019-01-22,2
1901232,265.20453,2019-01-23,2
1901242,278.1941,2019-01-24,2
1901252,297.71225,2019-01-25,2
1901262,372.1549,2019-01-26,2
1901272,462.7713,2019-01-27,2
1901282,268.7821,2019-01-28,2
1901292,275.0468,2019-01-29,2
1901302,265.8661,2019-01-30,2
1901312,298.081,2019-01-31,2
1902012,308.59457,2019-02-01,2
1902022,394.96423,2019-02-02,2
1902032,491.70175,2019-02-03,2
1902042,281.9655,2019-02-04,2
1902052,276.18124,2019-02-05,2
1902062,278.98157,2019-02-06,2
1902072,284.0594,2019-02-07,2
1902082,290.1156,2019-02-08,2
1902092,395.70706,2019-02-09,2
1902102,492.45068,2019-02-10,2
1902112,282.7202,2019-02-11,2
1902122,276.94144,2019-02-12,2
1902132,279.74695,2019-02-13,2
1902142,284.82965,2019-02-14,2
1902152,290.8905,2019-02-15,2
1902162,396.48627,2019-02-16,2
1902172,493.234,2019-02-17,2
1902182,283.5074,2019-02-18,2
1902192,277.73224,2019-02-19,2
1902202,280.54114,2019-02-20,2
1902212,285.62708,2019-02-21,2
1902222,291.69095,2019-02-22,2
1902232,397.2895,2019-02-23,2
1902242,494.0399,2019-02-24,2
1902252,284.3157,2019-02-25,2
1902262,278.54282,2019-02-26,2
1902272,281.35385,2019-02-27,2
1902282,286.44174,2019-02-28,2
1903012,300.83905,2019-03-01,2
1903022,413.10394,2019-03-02,2
1903032,486.28696,2019-03-03,2
1903042,302.2973,2019-03-04,2
1903052,296.9139,2019-03-05,2
1903062,294.11438,2019-03-06,2
1903072,298.36258,2019-03-07,2
1903082,301.66498,2019-03-08,2
1903092,413.93076,2019-03-09,2
1903102,487.1146,2019-03-10,2
1903112,303.12567,2019-03-11,2
1903122,297.74292,2019-03-12,2
1903132,294.944,2019-03-13,2
1903142,299.19272,2019-03-14,2
1903152,302.49554,2019-03-15,2
1903162,414.7617,2019-03-16,2
1903172,487.94583,2019-03-17,2
1903182,303.95715,2019-03-18,2
1903192,298.57452,2019-03-19,2
1903212,300.02448,2019-03-21,2
1903222,303.32727,2019-03-22,2
1903232,415.59332,2019-03-23,2
1903242,488.77737,2019-03-24,2
1903252,304.78854,2019-03-25,2
1903262,299.4057,2019-03-26,2
1903272,296.60657,2019-03-27,2
1903282,300.85498,2019-03-28,2
1903292,304.15738,2019-03-29,2
1903302,416.42294,2019-03-30,2
1903312,489.60648,2019-03-31,2
1904012,357.0177,2019-04-01,2
1904022,325.48907,2019-04-02,2
1904042,395.4912,2019-04-04,2
1904052,391.25647,2019-04-05,2
1904062,505.3728,2019-04-06,2
1904072,529.38916,2019-04-07,2
1904082,409.579,2019-04-08,2
1904092,377.4359,2019-04-09,2
1904102,380.9256,2019-04-10,2
1904112,395.66077,2019-04-11,2
1904122,391.42572,2019-04-12,2
1904132,506.18872,2019-04-13,2
1904142,529.5578,2019-04-14,2
1904152,410.39163,2019-04-15,2
1904162,377.60376,2019-04-16,2
1904172,381.7345,2019-04-17,2
1904182,555.2737,2019-04-18,2
1904202,600.0,2019-04-20,2
1904212,550.0,2019-04-21,2
1904222,453.49997,2019-04-22,2
1904232,327.91583,2019-04-23,2
1904242,330.7873,2019-04-24,2
1904252,347.21594,2019-04-25,2
1904262,343.02985,2019-04-26,2
1904272,456.034,2019-04-27,2
1904282,492.82843,2019-04-28,2
1904292,360.2244,2019-04-29,2
1904302,328.686,2019-04-30,2
1905022,382.38614,2019-05-02,2
1905032,396.3786,2019-05-03,2
1905042,482.5003,2019-05-04,2
1905052,523.91205,2019-05-05,2
1905062,391.49652,2019-05-06,2
1905072,345.4118,2019-05-07,2
1905082,344.39362,2019-05-08,2
1905092,383.1089,2019-05-09,2
1905102,397.0946,2019-05-10,2
1905112,483.2093,2019-05-11,2
1905122,524.6138,2019-05-12,2
1905132,392.19055,2019-05-13,2
1905142,346.0978,2019-05-14,2
1905152,345.0713,2019-05-15,2
1905162,383.77783,2019-05-16,2
1905172,397.75452,2019-05-17,2
1905182,483.85974,2019-05-18,2
1905192,525.2543,2019-05-19,2
1905202,392.8207,2019-05-20,2
1905212,346.71735,2019-05-21,2
1905222,345.6797,2019-05-22,2
1905232,384.3747,2019-05-23,2
1905242,398.33942,2019-05-24,2
1905252,484.43225,2019-05-25,2
1905262,525.81396,2019-05-26,2
1905272,393.36707,2019-05-27,2
1905282,347.24994,2019-05-28,2
1905292,346.19812,2019-05-29,2
1905302,400.0,2019-05-30,2
1905312,398.828,2019-05-31,2
1906012,556.28076,2019-06-01,2
1906022,564.107,2019-06-02,2
1906032,405.75943,2019-06-03,2
1906042,387.27557,2019-06-04,2
1906052,383.71756,2019-06-05,2
1906062,384.022,2019-06-06,2
1906072,408.7067,2019-06-07,2
1906082,556.63293,2019-06-08,2
1906092,564.4402,2019-06-09,2
1906102,565.0,2019-06-10,2
1906112,387.56976,2019-06-11,2
1906122,383.9917,2019-06-12,2
1906132,384.27585,2019-06-13,2
1906142,408.9399,2019-06-14,2
1906152,556.8451,2019-06-15,2
1906162,564.6312,2019-06-16,2
1906172,406.24292,2019-06-17,2
1906182,387.71777,2019-06-18,2
1906192,384.11792,2019-06-19,2
1906202,384.38007,2019-06-20,2
1906212,409.022,2019-06-21,2
1906222,556.9051,2019-06-22,2
1906232,564.66895,2019-06-23,2
1906242,406.2583,2019-06-24,2
1906252,387.71082,2019-06-25,2
1906262,384.08868,2019-06-26,2
1906272,384.32852,2019-06-27,2
1906282,471.43915,2019-06-28,2
1906292,622.56384,2019-06-29,2
1906302,616.25586,2019-06-30,2
1907012,550.3039,2019-07-01,2
1907022,553.7002,2019-07-02,2
1907032,550.011,2019-07-03,2
1907042,553.4927,2019-07-04,2
1907052,561.734,2019-07-05,2
1907062,661.01294,2019-07-06,2
1907072,687.72437,2019-07-07,2
1907082,550.0187,2019-07-08,2
1907092,553.3953,2019-07-09,2
1907112,553.14966,2019-07-11,2
1907122,561.37256,2019-07-12,2
1907132,660.6334,2019-07-13,2
1907142,687.64215,2019-07-14,2
1907152,549.6044,2019-07-15,2
1907162,552.96423,2019-07-16,2
1907172,549.2394,2019-07-17,2
1907182,552.6864,2019-07-18,2
1907192,560.8938,2019-07-19,2
1907202,660.13965,2019-07-20,2
1907212,687.53687,2019-07-21,2
1907222,549.0819,2019-07-22,2
1907232,552.42816,2019-07-23,2
1907242,548.6902,2019-07-24,2
1907252,552.1244,2019-07-25,2
1907262,560.3195,2019-07-26,2
1907272,659.55347,2019-07-27,2
1907282,687.4131,2019-07-28,2
1907292,548.47327,2019-07-29,2
1907302,551.8089,2019-07-30,2
1808013,275.00146,2018-08-01,3
1808023,264.6045,2018-08-02,3
1808033,285.5623,2018-08-03,3
1808043,345.35892,2018-08-04,3
1808053,321.10913,2018-08-05,3
1808063,261.11566,2018-08-06,3
1808073,270.9864,2018-08-07,3
1808083,274.85675,2018-08-08,3
1808093,264.45834,2018-08-09,3
1808103,285.4148,2018-08-10,3
1808113,345.2101,2018-08-11,3
1808123,320.95917,2018-08-12,3
1808133,260.96448,2018-08-13,3
1808143,270.8341,2018-08-14,3
1808153,274.70337,2018-08-15,3
1808163,264.30396,2018-08-16,3
1808173,285.2595,2018-08-17,3
1808183,345.0539,2018-08-18,3
1808193,282.97104,2018-08-19,3
1808203,215.38698,2018-08-20,3
1808213,222.85464,2018-08-21,3
1808223,225.03606,2018-08-22,3
1808233,219.49617,2018-08-23,3
1808243,237.81783,2018-08-24,3
1808253,301.09528,2018-08-25,3
1808263,282.80902,2018-08-26,3
1808273,214.53694,2018-08-27,3
1808283,222.06718,2018-08-28,3
1808293,224.24622,2018-08-29,3
1808303,218.70412,2018-08-30,3
1808313,237.0236,2018-08-31,3
1809013,217.08792,2018-09-01,3
1809023,211.1213,2018-09-02,3
1809033,140.86891,2018-09-03,3
1809043,141.88939,2018-09-04,3
1809053,137.95503,2018-09-05,3
1809063,137.55167,2018-09-06,3
1809073,144.51514,2018-09-07,3
1809083,216.92076,2018-09-08,3
1809093,210.95392,2018-09-09,3
1809103,140.2941,2018-09-10,3
1809113,141.24423,2018-09-11,3
1809123,137.39949,2018-09-12,3
1809133,137.43538,2018-09-13,3
1809143,143.6344,2018-09-14,3
1809153,216.7522,2018-09-15,3
1809163,210.78523,2018-09-16,3
1809173,139.7151,2018-09-17,3
1809183,140.59476,2018-09-18,3
1809193,136.84053,2018-09-19,3
1809203,137.18677,2018-09-20,3
1809213,142.74913,2018-09-21,3
1809223,216.58284,2018-09-22,3
1809233,210.61577,2018-09-23,3
1809243,139.13394,2018-09-24,3
1809253,139.94315,2018-09-25,3
1809263,136.27998,2018-09-26,3
1809273,136.42014,2018-09-27,3
1809283,141.8621,2018-09-28,3
1809293,216.21362,2018-09-29,3
1809303,210.44618,2018-09-30,3
1810013,150.46251,2018-10-01,3
1810023,152.73027,2018-10-02,3
1810033,178.4546,2018-10-03,3
1810043,142.76187,2018-10-04,3
1810053,160.8582,2018-10-05,3
1810063,199.26537,2018-10-06,3
1810073,197.48254,2018-10-07,3
1810083,150.25415,2018-10-08,3
1810093,152.49309,2018-10-09,3
1810103,147.0158,2018-10-10,3
1810113,142.60374,2018-10-11,3
1810123,160.67131,2018-10-12,3
1810133,199.09697,2018-10-13,3
1810143,197.31436,2018-10-14,3
1810153,150.04723,2018-10-15,3
1810163,152.2577,2018-10-16,3
1810173,146.87086,2018-10-17,3
1810183,142.4471,2018-10-18,3
1810193,160.48634,2018-10-19,3
1810203,204.77994,2018-10-20,3
1810213,204.06747,2018-10-21,3
1810223,145.4633,2018-10-22,3
1810233,150.1679,2018-10-23,3
1810243,140.94608,2018-10-24,3
1810253,138.97371,2018-10-25,3
1810263,155.33994,2018-10-26,3
1810273,203.99146,2018-10-27,3
1810283,203.90482,2018-10-28,3
1810293,144.9077,2018-10-29,3
1810303,149.54778,2018-10-30,3
1811013,112.06208,2018-11-01,3
1811023,115.86941,2018-11-02,3
1811033,160.87961,2018-11-03,3
1811043,190.81053,2018-11-04,3
1811053,113.925545,2018-11-05,3
1811063,109.64942,2018-11-06,3
1811073,108.493484,2018-11-07,3
1811083,111.582825,2018-11-08,3
1811093,115.36798,2018-11-09,3
1811103,160.68266,2018-11-10,3
1811113,190.66154,2018-11-11,3
1811123,113.41952,2018-11-12,3
1811133,109.1486,2018-11-13,3
1811143,108.051056,2018-11-14,3
1811153,111.13531,2018-11-15,3
1811163,114.90177,2018-11-16,3
1811173,160.54346,2018-11-17,3
1811183,190.52428,2018-11-18,3
1811193,112.955765,2018-11-19,3
1811203,108.69206,2018-11-20,3
1811213,107.65005,2018-11-21,3
1811223,110.732124,2018-11-22,3
1811233,114.48446,2018-11-23,3
1811243,160.41972,2018-11-24,3
1811253,190.40312,2018-11-25,3
1811263,112.549614,2018-11-26,3
1811273,108.29551,2018-11-27,3
1811283,107.30476,2018-11-28,3
1811293,110.388214,2018-11-29,3
1811303,114.13203,2018-11-30,3
1812013,148.15991,2018-12-01,3
1812023,177.62431,2018-12-02,3
1812033,114.8266,2018-12-03,3
1812043,112.19183,2018-12-04,3
1812053,109.53524,2018-12-05,3
1812063,107.61748,2018-12-06,3
1812073,109.28783,2018-12-07,3
1812083,148.09268,2018-12-08,3
1812093,177.55045,2018-12-09,3
1812103,114.587395,2018-12-10,3
1812113,111.96709,2018-12-11,3
1812123,109.347694,2018-12-12,3
1812133,107.43931,2018-12-13,3
1812143,109.11806,2018-12-14,3
1812153,148.05139,2018-12-15,3
1812163,177.50722,2018-12-16,3
1812173,114.4551,2018-12-17,3
1812183,111.85098,2018-12-18,3
1812193,109.2586,2018-12-19,3
1812203,107.3632,2018-12-20,3
1812213,162.76807,2018-12-21,3
1812223,202.04279,2018-12-22,3
1812233,231.88454,2018-12-23,3
1812243,200.0,2018-12-24,3
1812273,157.4776,2018-12-27,3
1812283,162.78902,2018-12-28,3
1812293,202.06264,2018-12-29,3
1812303,231.90924,2018-12-30,3
1812313,200.0,2018-12-31,3
1901023,145.17583,2019-01-02,3
1901033,140.88087,2019-01-03,3
1901043,153.46074,2019-01-04,3
1901053,190.21518,2019-01-05,3
1901063,222.4937,2019-01-06,3
1901073,100.55353,2019-01-07,3
1901083,99.51852,2019-01-08,3
1901093,96.40511,2019-01-09,3
1901103,96.6264,2019-01-10,3
1901113,105.2773,2019-01-11,3
1901123,137.0761,2019-01-12,3
1901133,168.19336,2019-01-13,3
1901143,100.79435,2019-01-14,3
1901153,99.76916,2019-01-15,3
1901163,96.698,2019-01-16,3
1901173,96.94352,2019-01-17,3
1901183,105.61616,2019-01-18,3
1901193,137.22714,2019-01-19,3
1901203,168.30437,2019-01-20,3
1901213,101.09813,2019-01-21,3
1901223,100.080826,2019-01-22,3
1901233,97.05735,2019-01-23,3
1901243,97.327835,2019-01-24,3
1901253,106.02213,2019-01-25,3
1901263,137.40614,2019-01-26,3
1901273,168.4346,2019-01-27,3
1901283,101.4513,2019-01-28,3
1901293,100.43998,2019-01-29,3
1901303,97.468056,2019-01-30,3
1901313,94.23199,2019-01-31,3
1902013,105.83862,2019-02-01,3
1902023,137.10133,2019-02-02,3
1902033,166.46361,2019-02-03,3
1902043,101.620316,2019-02-04,3
1902053,100.55242,2019-02-05,3
1902063,98.398994,2019-02-06,3
1902073,97.88584,2019-02-07,3
1902083,107.21783,2019-02-08,3
1902093,137.31679,2019-02-09,3
1902103,166.6187,2019-02-10,3
1902113,102.11519,2019-02-11,3
1902123,100.97169,2019-02-12,3
1902133,98.87412,2019-02-13,3
1902143,97.775,2019-02-14,3
1902153,107.73786,2019-02-15,3
1902163,137.5428,2019-02-16,3
1902173,166.7809,2019-02-17,3
1902183,102.631355,2019-02-18,3
1902193,101.407845,2019-02-19,3
1902203,99.36717,2019-02-20,3
1902213,97.660255,2019-02-21,3
1902223,108.27506,2019-02-22,3
1902233,137.77577,2019-02-23,3
1902243,166.94777,2019-02-24,3
1902253,103.16486,2019-02-25,3
1902263,101.86572,2019-02-26,3
1902273,99.87273,2019-02-27,3
1902283,97.54302,2019-02-28,3
1903013,115.519875,2019-03-01,3
1903023,169.72868,2019-03-02,3
1903033,165.53082,2019-03-03,3
1903043,114.862946,2019-03-04,3
1903053,107.89005,2019-03-05,3
1903063,109.29462,2019-03-06,3
1903073,108.33135,2019-03-07,3
1903083,115.945656,2019-03-08,3
1903093,169.9685,2019-03-09,3
1903103,165.7022,2019-03-10,3
1903113,115.451164,2019-03-11,3
1903123,108.47874,2019-03-12,3
1903133,109.82078,2019-03-13,3
1903143,108.21191,2019-03-14,3
1903153,115.8445,2019-03-15,3
1903163,170.20952,2019-03-16,3
1903173,165.87431,2019-03-17,3
1903183,116.04155,2019-03-18,3
1903193,109.069244,2019-03-19,3
1903213,108.09222,2019-03-21,3
1903223,115.743195,2019-03-22,3
1903233,170.45071,2019-03-23,3
1903243,166.04652,2019-03-24,3
1903253,116.2715,2019-03-25,3
1903263,109.114525,2019-03-26,3
1903273,110.87518,2019-03-27,3
1903283,107.97271,2019-03-28,3
1903293,115.64208,2019-03-29,3
1903303,170.69135,2019-03-30,3
1903313,166.21819,2019-03-31,3
1904013,137.6569,2019-04-01,3
1904023,125.14713,2019-04-02,3
1904043,153.17197,2019-04-04,3
1904053,151.44237,2019-04-05,3
1904063,219.15384,2019-04-06,3
1904073,215.0681,2019-04-07,3
1904083,164.31001,2019-04-08,3
1904093,150.39558,2019-04-09,3
1904103,150.73485,2019-04-10,3
1904113,153.45117,2019-04-11,3
1904123,151.72105,2019-04-12,3
1904133,219.39049,2019-04-13,3
1904143,215.23671,2019-04-14,3
1904153,164.58708,2019-04-15,3
1904163,150.67203,2019-04-16,3
1904173,151.01064,2019-04-17,3
1904183,250.0,2019-04-18,3
1904203,320.0,2019-04-20,3
1904213,250.0,2019-04-21,3
1904223,209.83559,2019-04-22,3
1904233,125.74969,2019-04-23,3
1904243,124.623924,2019-04-24,3
1904253,126.11558,2019-04-25,3
1904263,123.45408,2019-04-26,3
1904273,191.75536,2019-04-27,3
1904283,187.81442,2019-04-28,3
1904293,138.96355,2019-04-29,3
1904303,125.7427,2019-04-30,3
1905023,135.67822,2019-05-02,3
1905033,156.5362,2019-05-03,3
1905043,217.21312,2019-05-04,3
1905053,216.50188,2019-05-05,3
1905063,149.48572,2019-05-06,3
1905073,125.314735,2019-05-07,3
1905083,131.44257,2019-05-08,3
1905093,135.80734,2019-05-09,3
1905103,156.74388,2019-05-10,3
1905113,217.35994,2019-05-11,3
1905123,216.64719,2019-05-12,3
1905133,149.4282,2019-05-13,3
1905143,125.316795,2019-05-14,3
1905153,131.3809,2019-05-15,3
1905163,135.92686,2019-05-16,3
1905173,156.93526,2019-05-17,3
1905183,217.49461,2019-05-18,3
1905193,216.77982,2019-05-19,3
1905203,149.37599,2019-05-20,3
1905213,125.31866,2019-05-21,3
1905223,131.3827,2019-05-22,3
1905233,136.0335,2019-05-23,3
1905243,157.1049,2019-05-24,3
1905253,217.61316,2019-05-25,3
1905263,216.89569,2019-05-26,3
1905273,149.33072,2019-05-27,3
1905283,125.32025,2019-05-28,3
1905293,131.38428,2019-05-29,3
1905303,290.7527,2019-05-30,3
1905313,157.24663,2019-05-31,3
1906013,254.43814,2019-06-01,3
1906023,236.50237,2019-06-02,3
1906033,158.8206,2019-06-03,3
1906043,145.11305,2019-06-04,3
1906053,144.2726,2019-06-05,3
1906063,135.9368,2019-06-06,3
1906073,159.91891,2019-06-07,3
1906083,254.51106,2019-06-08,3
1906093,236.57135,2019-06-09,3
1906103,255.0,2019-06-10,3
1906113,145.11394,2019-06-11,3
1906123,144.27342,2019-06-12,3
1906133,135.98215,2019-06-13,3
1906143,159.98656,2019-06-14,3
1906153,254.555,2019-06-15,3
1906163,236.61092,2019-06-16,3
1906173,158.94366,2019-06-17,3
1906183,145.11436,2019-06-18,3
1906193,144.27382,2019-06-19,3
1906203,136.00076,2019-06-20,3
1906213,160.01039,2019-06-21,3
1906223,254.56743,2019-06-22,3
1906233,236.61873,2019-06-23,3
1906243,158.94759,2019-06-24,3
1906253,145.11436,2019-06-25,3
1906263,144.2737,2019-06-26,3
1906273,135.99156,2019-06-27,3
1906283,195.73186,2019-06-28,3
1906293,292.3786,2019-06-29,3
1906303,274.42535,2019-06-30,3
1907013,246.99072,2019-07-01,3
1907023,251.58107,2019-07-02,3
1907033,260.39764,2019-07-03,3
1907043,249.00597,2019-07-04,3
1907053,259.1148,2019-07-05,3
1907063,324.1402,2019-07-06,3
1907073,319.85275,2019-07-07,3
1907083,246.93164,2019-07-08,3
1907093,251.51796,2019-07-09,3
1907113,248.93495,2019-07-11,3
1907123,259.04004,2019-07-12,3
1907133,324.0616,2019-07-13,3
1907143,319.7705,2019-07-14,3
1907153,246.84587,2019-07-15,3
1907163,251.42868,2019-07-16,3
1907173,260.23785,2019-07-17,3
1907183,248.839,2019-07-18,3
1907193,258.9409,2019-07-19,3
1907203,323.95938,2019-07-20,3
1907213,319.66522,2019-07-21,3
1907223,246.73767,2019-07-22,3
1907233,251.31767,2019-07-23,3
1907243,260.12415,2019-07-24,3
1907253,248.72264,2019-07-25,3
1907263,258.82196,2019-07-26,3
1907273,323.83798,2019-07-27,3
1907283,319.54147,2019-07-28,3
1907293,246.61166,2019-07-29,3
1907303,251.18945,2019-07-30,3
1808014,87.98255,2018-08-01,4
1808024,74.67716,2018-08-02,4
1808034,87.55445,2018-08-03,4
1808044,101.147644,2018-08-04,4
1808054,133.09392,2018-08-05,4
1808064,87.540596,2018-08-06,4
1808074,75.1211,2018-08-07,4
1808084,87.93464,2018-08-08,4
1808094,74.65409,2018-08-09,4
1808104,87.45369,2018-08-10,4
1808114,101.049286,2018-08-11,4
1808124,132.95525,2018-08-12,4
1808134,87.39989,2018-08-13,4
1808144,75.29468,2018-08-14,4
1808154,87.88385,2018-08-15,4
1808164,74.62973,2018-08-16,4
1808174,87.39051,2018-08-17,4
1808184,100.94602,2018-08-18,4
1808194,109.68445,2018-08-19,4
1808204,80.634865,2018-08-20,4
1808214,73.68281,2018-08-21,4
1808224,83.59293,2018-08-22,4
1808234,70.1159,2018-08-23,4
1808244,81.14019,2018-08-24,4
1808254,81.32187,2018-08-25,4
1808264,109.90623,2018-08-26,4
1808274,81.03094,2018-08-27,4
1808284,74.19656,2018-08-28,4
1808294,83.46952,2018-08-29,4
1808304,70.60598,2018-08-30,4
1808314,81.56023,2018-08-31,4
1809014,82.153786,2018-09-01,4
1809024,109.272156,2018-09-02,4
1809034,74.89701,2018-09-03,4
1809044,74.76781,2018-09-04,4
1809054,77.817726,2018-09-05,4
1809064,68.651634,2018-09-06,4
1809074,76.29826,2018-09-07,4
1809084,82.595116,2018-09-08,4
1809094,109.53884,2018-09-09,4
1809104,75.30548,2018-09-10,4
1809114,75.29664,2018-09-11,4
1809124,77.69978,2018-09-12,4
1809134,69.154305,2018-09-13,4
1809144,76.78678,2018-09-14,4
1809154,83.08042,2018-09-15,4
1809164,109.85471,2018-09-16,4
1809174,75.71693,2018-09-17,4
1809184,75.70778,2018-09-18,4
1809194,77.581116,2018-09-19,4
1809204,69.65981,2018-09-20,4
1809214,77.33754,2018-09-21,4
1809224,83.56799,2018-09-22,4
1809234,110.17191,2018-09-23,4
1809244,75.91784,2018-09-24,4
1809254,75.59276,2018-09-25,4
1809264,77.46211,2018-09-26,4
1809274,70.1966,2018-09-27,4
1809284,77.92634,2018-09-28,4
1809294,84.05631,2018-09-29,4
1809304,110.48946,2018-09-30,4
1810014,71.45031,2018-10-01,4
1810024,68.1928,2018-10-02,4
1810034,99.91667,2018-10-03,4
1810044,67.674416,2018-10-04,4
1810054,72.44323,2018-10-05,4
1810064,81.00725,2018-10-06,4
1810074,106.5637,2018-10-07,4
1810084,71.79772,2018-10-08,4
1810094,68.60402,2018-10-09,4
1810104,73.49535,2018-10-10,4
1810114,67.94961,2018-10-11,4
1810124,72.78946,2018-10-12,4
1810134,81.05922,2018-10-13,4
1810144,106.79396,2018-10-14,4
1810154,72.14269,2018-10-15,4
1810164,69.01204,2018-10-16,4
1810174,73.864525,2018-10-17,4
1810184,68.22224,2018-10-18,4
1810194,73.13214,2018-10-19,4
1810204,86.86519,2018-10-20,4
1810214,115.95919,2018-10-21,4
1810224,77.342445,2018-10-22,4
1810234,75.025856,2018-10-23,4
1810244,77.629486,2018-10-24,4
1810254,74.422424,2018-10-25,4
1810264,76.9922,2018-10-26,4
1810274,87.33524,2018-10-27,4
1810284,116.26374,2018-10-28,4
1810294,77.20398,2018-10-29,4
1810304,74.98163,2018-10-30,4
1811014,70.84106,2018-11-01,4
1811024,77.064285,2018-11-02,4
1811034,80.933426,2018-11-03,4
1811044,119.30387,2018-11-04,4
1811054,72.60108,2018-11-05,4
1811064,70.08077,2018-11-06,4
1811074,71.064156,2018-11-07,4
1811084,70.8403,2018-11-08,4
1811094,77.066505,2018-11-09,4
1811104,81.366356,2018-11-10,4
1811114,119.58286,2018-11-11,4
1811124,72.474976,2018-11-12,4
1811134,70.11192,2018-11-13,4
1811144,71.004135,2018-11-14,4
1811154,70.83961,2018-11-15,4
1811164,77.068565,2018-11-16,4
1811174,81.76709,2018-11-17,4
1811184,119.83985,2018-11-18,4
1811194,72.40855,2018-11-19,4
1811204,70.14031,2018-11-20,4
1811214,70.98217,2018-11-21,4
1811224,70.83897,2018-11-22,4
1811234,77.07042,2018-11-23,4
1811244,82.13353,2018-11-24,4
1811254,120.06666,2018-11-25,4
1811264,72.35849,2018-11-26,4
1811274,70.16498,2018-11-27,4
1811284,70.98504,2018-11-28,4
1811294,70.87191,2018-11-29,4
1811304,77.07198,2018-11-30,4
1812014,83.74619,2018-12-01,4
1812024,110.79453,2018-12-02,4
1812034,68.57264,2018-12-03,4
1812044,72.03026,2018-12-04,4
1812054,71.016136,2018-12-05,4
1812064,70.724075,2018-12-06,4
1812074,74.53915,2018-12-07,4
1812084,83.97053,2018-12-08,4
1812094,110.93287,2018-12-09,4
1812104,68.54316,2018-12-10,4
1812114,72.04423,2018-12-11,4
1812124,71.01769,2018-12-12,4
1812134,70.74421,2018-12-13,4
1812144,74.539925,2018-12-14,4
1812154,84.108284,2018-12-15,4
1812164,111.01383,2018-12-16,4
1812174,68.526855,2018-12-17,4
1812184,72.051445,2018-12-18,4
1812194,71.01844,2018-12-19,4
1812204,70.752815,2018-12-20,4
1812214,94.875305,2018-12-21,4
1812224,113.807556,2018-12-22,4
1812234,143.76958,2018-12-23,4
1812244,180.0,2018-12-24,4
1812274,90.67754,2018-12-27,4
1812284,94.869316,2018-12-28,4
1812294,113.82259,2018-12-29,4
1812304,143.79428,2018-12-30,4
1901024,89.26942,2019-01-02,4
1901034,82.79075,2019-01-03,4
1901044,94.71366,2019-01-04,4
1901054,107.62327,2019-01-05,4
1901064,158.5891,2019-01-06,4
1901074,72.2012,2019-01-07,4
1901084,75.44564,2019-01-08,4
1901094,76.219185,2019-01-09,4
1901104,73.6293,2019-01-10,4
1901114,78.54124,2019-01-11,4
1901124,87.825806,2019-01-12,4
1901134,127.7554,2019-01-13,4
1901144,72.22684,2019-01-14,4
1901154,75.42635,2019-01-15,4
1901164,76.21046,2019-01-16,4
1901174,73.58581,2019-01-17,4
1901184,78.534775,2019-01-18,4
1901194,87.45801,2019-01-19,4
1901204,127.34551,2019-01-20,4
1901214,72.25918,2019-01-21,4
1901224,75.40237,2019-01-22,4
1901234,76.19975,2019-01-23,4
1901244,73.5331,2019-01-24,4
1901254,78.527054,2019-01-25,4
1901264,87.02209,2019-01-26,4
1901274,126.86453,2019-01-27,4
1901284,72.29677,2019-01-28,4
1901294,75.37473,2019-01-29,4
1901304,76.18751,2019-01-30,4
1901314,45.381836,2019-01-31,4
1902014,72.082436,2019-02-01,4
1902024,113.25269,2019-02-02,4
1902034,161.3464,2019-02-03,4
1902044,79.892265,2019-02-04,4
1902054,88.73899,2019-02-05,4
1902064,84.7589,2019-02-06,4
1902074,86.22344,2019-02-07,4
1902084,91.46616,2019-02-08,4
1902094,112.79695,2019-02-09,4
1902104,161.3109,2019-02-10,4
1902114,80.08814,2019-02-11,4
1902124,88.82353,2019-02-12,4
1902134,84.87014,2019-02-13,4
1902144,86.35763,2019-02-14,4
1902154,91.54549,2019-02-15,4
1902164,112.32734,2019-02-16,4
1902174,161.27376,2019-02-17,4
1902184,80.29246,2019-02-18,4
1902194,88.91148,2019-02-19,4
1902204,84.98556,2019-02-20,4
1902214,86.496544,2019-02-21,4
1902224,91.65711,2019-02-22,4
1902234,111.85769,2019-02-23,4
1902244,161.23552,2019-02-24,4
1902254,80.502235,2019-02-25,4
1902264,89.00989,2019-02-26,4
1902274,85.10367,2019-02-27,4
1902284,86.63847,2019-02-28,4
1903014,78.95982,2019-03-01,4
1903024,87.85855,2019-03-02,4
1903034,113.090485,2019-03-03,4
1903044,73.89453,2019-03-04,4
1903054,75.68598,2019-03-05,4
1903064,77.96069,2019-03-06,4
1903074,73.65222,2019-03-07,4
1903084,78.71593,2019-03-08,4
1903094,87.33605,2019-03-09,4
1903104,112.7696,2019-03-10,4
1903114,74.109535,2019-03-11,4
1903124,75.805336,2019-03-12,4
1903134,78.08127,2019-03-13,4
1903144,73.05134,2019-03-14,4
1903154,78.07064,2019-03-15,4
1903164,86.81095,2019-03-16,4
1903174,112.447334,2019-03-17,4
1903184,73.67069,2019-03-18,4
1903194,75.92506,2019-03-19,4
1903214,72.45466,2019-03-21,4
1903224,77.44706,2019-03-22,4
1903234,86.28538,2019-03-23,4
1903244,112.12495,2019-03-24,4
1903254,73.22724,2019-03-25,4
1903264,75.60136,2019-03-26,4
1903274,78.32288,2019-03-27,4
1903284,71.933136,2019-03-28,4
1903294,76.88264,2019-03-29,4
1903304,85.76111,2019-03-30,4
1903314,111.803505,2019-03-31,4
1904014,73.29151,2019-04-01,4
1904024,72.76907,2019-04-02,4
1904044,64.75276,2019-04-04,4
1904054,70.89246,2019-04-05,4
1904064,82.38912,2019-04-06,4
1904074,122.85299,2019-04-07,4
1904084,74.1063,2019-04-08,4
1904094,69.884995,2019-04-09,4
1904104,69.404015,2019-04-10,4
1904114,64.52842,2019-04-11,4
1904124,70.67698,2019-04-12,4
1904134,82.49573,2019-04-13,4
1904144,122.85264,2019-04-14,4
1904154,73.987175,2019-04-15,4
1904164,69.65063,2019-04-16,4
1904174,69.24465,2019-04-17,4
1904184,150.0,2019-04-18,4
1904204,77.03864,2019-04-20,4
1904214,150.0,2019-04-21,4
1904224,123.62703,2019-04-22,4
1904234,71.19422,2019-04-23,4
1904244,74.685616,2019-04-24,4
1904254,66.399284,2019-04-25,4
1904264,70.62275,2019-04-26,4
1904274,76.61493,2019-04-27,4
1904284,110.338554,2019-04-28,4
1904294,71.58109,2019-04-29,4
1904304,70.69851,2019-04-30,4
1905024,69.773705,2019-05-02,4
1905034,68.96462,2019-05-03,4
1905044,81.509026,2019-05-04,4
1905054,104.530205,2019-05-05,4
1905064,78.6419,2019-05-06,4
1905074,70.13384,2019-05-07,4
1905084,69.792465,2019-05-08,4
1905094,69.356804,2019-05-09,4
1905104,68.4178,2019-05-10,4
1905114,81.12472,2019-05-11,4
1905124,104.25815,2019-05-12,4
1905134,78.29168,2019-05-13,4
1905144,69.708374,2019-05-14,4
1905154,69.36256,2019-05-15,4
1905164,68.975235,2019-05-16,4
1905174,67.952934,2019-05-17,4
1905184,80.77221,2019-05-18,4
1905194,104.009834,2019-05-19,4
1905204,77.97369,2019-05-20,4
1905214,69.32418,2019-05-21,4
1905224,68.9766,2019-05-22,4
1905234,68.63479,2019-05-23,4
1905244,67.55524,2019-05-24,4
1905254,80.46192,2019-05-25,4
1905264,103.79286,2019-05-26,4
1905274,77.69802,2019-05-27,4
1905284,68.99387,2019-05-28,4
1905294,68.64773,2019-05-29,4
1905304,100.0,2019-05-30,4
1905314,67.233376,2019-05-31,4
1906014,67.352425,2019-06-01,4
1906024,89.63529,2019-06-02,4
1906034,72.684814,2019-06-03,4
1906044,65.4166,2019-06-04,4
1906054,69.27932,2019-06-05,4
1906064,63.320007,2019-06-06,4
1906074,65.69276,2019-06-07,4
1906084,67.16158,2019-06-08,4
1906094,89.50613,2019-06-09,4
1906104,100.0,2019-06-10,4
1906114,65.23415,2019-06-11,4
1906124,69.1054,2019-06-12,4
1906134,63.175224,2019-06-13,4
1906144,65.57252,2019-06-14,4
1906154,67.04654,2019-06-15,4
1906164,89.432045,2019-06-16,4
1906174,72.44084,2019-06-17,4
1906184,65.14236,2019-06-18,4
1906194,69.02534,2019-06-19,4
1906204,63.11577,2019-06-20,4
1906214,65.53015,2019-06-21,4
1906224,67.014046,2019-06-22,4
1906234,89.41744,2019-06-23,4
1906244,72.43308,2019-06-24,4
1906254,65.14666,2019-06-25,4
1906264,69.04389,2019-06-26,4
1906274,63.145157,2019-06-27,4
1906284,68.785545,2019-06-28,4
1906294,82.87911,2019-06-29,4
1906304,107.59538,2019-06-30,4
1907014,76.60413,2019-07-01,4
1907024,67.270195,2019-07-02,4
1907034,74.33784,2019-07-03,4
1907044,69.85399,2019-07-04,4
1907054,70.30206,2019-07-05,4
1907064,89.662025,2019-07-06,4
1907074,113.911095,2019-07-07,4
1907084,76.54916,2019-07-08,4
1907094,67.321625,2019-07-09,4
1907114,69.84278,2019-07-11,4
1907124,70.290344,2019-07-12,4
1907134,89.62536,2019-07-13,4
1907144,113.83508,2019-07-14,4
1907154,76.46931,2019-07-15,4
1907164,67.394356,2019-07-16,4
1907174,74.37544,2019-07-17,4
1907184,69.82764,2019-07-18,4
1907194,70.27483,2019-07-19,4
1907204,89.57765,2019-07-20,4
1907214,113.73779,2019-07-21,4
1907224,76.36864,2019-07-22,4
1907234,67.51075,2019-07-23,4
1907244,74.50387,2019-07-24,4
1907254,69.80926,2019-07-25,4
1907264,70.256226,2019-07-26,4
1907274,89.52103,2019-07-27,4
1907284,113.6234,2019-07-28,4
1907294,76.25135,2019-07-29,4
1907304,67.66128,2019-07-30,4
1808015,337.51038,2018-08-01,5
1808025,326.3902,2018-08-02,5
1808035,342.4461,2018-08-03,5
1808045,410.74872,2018-08-04,5
1808055,403.22543,2018-08-05,5
1808065,317.1482,2018-08-06,5
1808075,315.839,2018-08-07,5
1808085,337.36566,2018-08-08,5
1808095,326.24405,2018-08-09,5
1808105,342.29858,2018-08-10,5
1808115,410.59995,2018-08-11,5
1808125,403.07544,2018-08-12,5
1808135,316.997,2018-08-13,5
1808145,315.6867,2018-08-14,5
1808155,337.2123,2018-08-15,5
1808165,326.08966,2018-08-16,5
1808175,342.1433,2018-08-17,5
1808185,410.44373,2018-08-18,5
1808195,365.08728,2018-08-19,5
1808205,287.4823,2018-08-20,5
1808215,287.65945,2018-08-21,5
1808225,303.79886,2018-08-22,5
1808235,296.0158,2018-08-23,5
1808245,310.05493,2018-08-24,5
1808255,371.72964,2018-08-25,5
1808265,364.92532,2018-08-26,5
1808275,286.92267,2018-08-27,5
1808285,287.09802,2018-08-28,5
1808295,303.23572,2018-08-29,5
1808305,295.45105,2018-08-30,5
1808315,309.4887,2018-08-31,5
1809015,323.6096,2018-09-01,5
1809025,317.25757,2018-09-02,5
1809035,246.75127,2018-09-03,5
1809045,260.34375,2018-09-04,5
1809055,263.8715,2018-09-05,5
1809065,256.04346,2018-09-06,5
1809075,289.33826,2018-09-07,5
1809085,323.44247,2018-09-08,5
1809095,317.15854,2018-09-09,5
1809105,246.81601,2018-09-10,5
1809115,259.76584,2018-09-11,5
1809125,263.29288,2018-09-12,5
1809135,256.10843,2018-09-13,5
1809145,288.75836,2018-09-14,5
1809155,323.27393,2018-09-15,5
1809165,317.08734,2018-09-16,5
1809175,246.39447,2018-09-17,5
1809185,259.18405,2018-09-18,5
1809195,262.7107,2018-09-19,5
1809205,256.17374,2018-09-20,5
1809215,288.17554,2018-09-21,5
1809225,323.1521,2018-09-22,5
1809235,317.01584,2018-09-23,5
1809245,245.81096,2018-09-24,5
1809255,258.6004,2018-09-25,5
1809265,262.1269,2018-09-26,5
1809275,256.0454,2018-09-27,5
1809285,287.59158,2018-09-28,5
1809295,323.21756,2018-09-29,5
1809305,316.9443,2018-09-30,5
1810015,247.17564,2018-10-01,5
1810025,244.10536,2018-10-02,5
1810035,273.14,2018-10-03,5
1810045,237.93768,2018-10-04,5
1810055,258.7677,2018-10-05,5
1810065,288.5614,2018-10-06,5
1810075,277.73392,2018-10-07,5
1810085,247.19937,2018-10-08,5
1810095,244.12909,2018-10-09,5
1810105,252.70792,2018-10-10,5
1810115,237.96135,2018-10-11,5
1810125,258.79135,2018-10-12,5
1810135,288.39304,2018-10-13,5
1810145,277.56573,2018-10-14,5
1810155,247.22295,2018-10-15,5
1810165,244.15263,2018-10-16,5
1810175,252.73141,2018-10-17,5
1810185,237.98482,2018-10-18,5
1810195,258.81476,2018-10-19,5
1810205,296.4011,2018-10-20,5
1810215,285.60565,2018-10-21,5
1810225,253.32242,2018-10-22,5
1810235,250.97986,2018-10-23,5
1810245,257.22473,2018-10-24,5
1810255,247.23755,2018-10-25,5
1810265,265.654,2018-10-26,5
1810275,296.46414,2018-10-27,5
1810285,285.53705,2018-10-28,5
1810295,252.76456,2018-10-29,5
1810305,250.42435,2018-10-30,5
1811015,220.40799,2018-11-01,5
1811025,228.98494,2018-11-02,5
1811035,251.79785,2018-11-03,5
1811045,298.19324,2018-11-04,5
1811055,219.1594,2018-11-05,5
1811065,215.44664,2018-11-06,5
1811075,218.77583,2018-11-07,5
1811085,220.23442,2018-11-08,5
1811095,228.46272,2018-11-09,5
1811105,251.85593,2018-11-10,5
1811115,298.13037,2018-11-11,5
1811125,218.65129,2018-11-12,5
1811135,214.94377,2018-11-13,5
1811145,218.27846,2018-11-14,5
1811155,219.74283,2018-11-15,5
1811165,227.97714,2018-11-16,5
1811175,251.90965,2018-11-17,5
1811185,298.07248,2018-11-18,5
1811195,218.18567,2018-11-19,5
1811205,214.4854,2018-11-20,5
1811215,217.85295,2018-11-21,5
1811225,219.29994,2018-11-22,5
1811235,227.54253,2018-11-23,5
1811245,251.95744,2018-11-24,5
1811255,298.02136,2018-11-25,5
1811265,217.77785,2018-11-26,5
1811275,214.08723,2018-11-27,5
1811285,217.52998,2018-11-28,5
1811295,218.92213,2018-11-29,5
1811305,227.17545,2018-11-30,5
1812015,308.7499,2018-12-01,5
1812025,300.35977,2018-12-02,5
1812035,207.71109,2018-12-03,5
1812045,264.4338,2018-12-04,5
1812055,271.6577,2018-12-05,5
1812065,269.0237,2018-12-06,5
1812075,221.26787,2018-12-07,5
1812085,308.48163,2018-12-08,5
1812095,300.3286,2018-12-09,5
1812105,207.47093,2018-12-10,5
1812115,264.2082,2018-12-11,5
1812125,271.4469,2018-12-12,5
1812135,268.828,2018-12-13,5
1812145,221.0875,2018-12-14,5
1812155,308.3169,2018-12-15,5
1812165,300.31036,2018-12-16,5
1812175,207.33809,2018-12-17,5
1812185,264.09158,2018-12-18,5
1812195,271.34674,2018-12-19,5
1812205,268.74442,2018-12-20,5
1812215,270.9232,2018-12-21,5
1812225,364.65155,2018-12-22,5
1812235,353.9756,2018-12-23,5
1812245,350.0,2018-12-24,5
1812275,323.59366,2018-12-27,5
1812285,270.91742,2018-12-28,5
1812295,364.67145,2018-12-29,5
1812305,354.0003,2018-12-30,5
1812315,1000.0,2018-12-31,5
1901025,274.41608,2019-01-02,5
1901035,275.29962,2019-01-03,5
1901045,285.59433,2019-01-04,5
1901055,333.2852,2019-01-05,5
1901065,327.661,2019-01-06,5
1901075,212.2122,2019-01-07,5
1901085,222.46292,2019-01-08,5
1901095,224.3145,2019-01-09,5
1901105,227.53242,2019-01-10,5
1901115,236.14444,2019-01-11,5
1901125,284.9379,2019-01-12,5
1901135,278.26276,2019-01-13,5
1901145,212.47124,2019-01-14,5
1901155,222.73253,2019-01-15,5
1901165,224.59444,2019-01-16,5
1901175,227.82228,2019-01-17,5
1901185,236.44395,2019-01-18,5
1901195,285.2763,2019-01-19,5
1901205,278.3096,2019-01-20,5
1901215,212.79805,2019-01-21,5
1901225,223.06776,2019-01-22,5
1901235,224.9378,2019-01-23,5
1901245,228.17357,2019-01-24,5
1901255,236.80283,2019-01-25,5
1901265,285.227,2019-01-26,5
1901275,278.36453,2019-01-27,5
1901285,213.1779,2019-01-28,5
1901295,223.45407,2019-01-29,5
1901305,225.33032,2019-01-30,5
1901315,213.61789,2019-01-31,5
1902015,252.62509,2019-02-01,5
1902025,297.4679,2019-02-02,5
1902035,330.20532,2019-02-03,5
1902045,228.43777,2019-02-04,5
1902055,238.64302,2019-02-05,5
1902065,246.61687,2019-02-06,5
1902075,242.3759,2019-02-07,5
1902085,261.88446,2019-02-08,5
1902095,297.5882,2019-02-09,5
1902105,330.2707,2019-02-10,5
1902115,228.88551,2019-02-11,5
1902125,239.094,2019-02-12,5
1902135,247.0709,2019-02-13,5
1902145,242.83287,2019-02-14,5
1902155,262.34418,2019-02-15,5
1902165,297.5259,2019-02-16,5
1902175,330.33917,2019-02-17,5
1902185,229.35252,2019-02-18,5
1902195,239.56314,2019-02-19,5
1902205,247.54208,2019-02-20,5
1902215,243.30592,2019-02-21,5
1902225,262.84064,2019-02-22,5
1902235,297.46167,2019-02-23,5
1902245,330.40955,2019-02-24,5
1902255,229.91682,2019-02-25,5
1902265,240.04402,2019-02-26,5
1902275,248.02426,2019-02-27,5
1902285,243.78926,2019-02-28,5
1903015,239.74168,2019-03-01,5
1903025,280.75964,2019-03-02,5
1903035,286.72504,2019-03-03,5
1903045,225.96404,2019-03-04,5
1903055,237.7141,2019-03-05,5
1903065,233.8651,2019-03-06,5
1903075,223.16168,2019-03-07,5
1903085,240.04092,2019-03-08,5
1903095,280.69354,2019-03-09,5
1903105,286.79736,2019-03-10,5
1903115,226.486,2019-03-11,5
1903125,238.20592,2019-03-12,5
1903135,234.35727,2019-03-13,5
1903145,222.9959,2019-03-14,5
1903155,239.87509,2019-03-15,5
1903165,280.62708,2019-03-16,5
1903175,286.86993,2019-03-17,5
1903185,226.41951,2019-03-18,5
1903195,238.69928,2019-03-19,5
1903215,222.82983,2019-03-21,5
1903225,239.70898,2019-03-22,5
1903235,280.56058,2019-03-23,5
1903245,286.9426,2019-03-24,5
1903255,226.35304,2019-03-25,5
1903265,239.15482,2019-03-26,5
1903275,235.34361,2019-03-27,5
1903285,222.66399,2019-03-28,5
1903295,239.5664,2019-03-29,5
1903305,280.49426,2019-03-30,5
1903315,287.015,2019-03-31,5
1904015,224.77959,2019-04-01,5
1904025,230.63332,2019-04-02,5
1904045,264.65408,2019-04-04,5
1904055,261.0047,2019-04-05,5
1904065,323.76605,2019-04-06,5
1904075,309.33124,2019-04-07,5
1904085,243.05623,2019-04-08,5
1904095,247.84009,2019-04-09,5
1904105,255.35606,2019-04-10,5
1904115,264.58862,2019-04-11,5
1904125,260.9393,2019-04-12,5
1904135,323.935,2019-04-13,5
1904145,309.49988,2019-04-14,5
1904155,243.03262,2019-04-15,5
1904165,247.77527,2019-04-16,5
1904175,255.29137,2019-04-17,5
1904185,280.0,2019-04-18,5
1904205,298.04816,2019-04-20,5
1904215,280.0,2019-04-21,5
1904225,283.79688,2019-04-22,5
1904235,230.14874,2019-04-23,5
1904245,238.1177,2019-04-24,5
1904255,246.74812,2019-04-25,5
1904265,243.09926,2019-04-26,5
1904275,297.98566,2019-04-27,5
1904285,284.45453,2019-04-28,5
1904295,224.52316,2019-04-29,5
1904305,229.99495,2019-04-30,5
1905025,251.79135,2019-05-02,5
1905035,270.02924,2019-05-03,5
1905045,307.49255,2019-05-04,5
1905055,290.8655,2019-05-05,5
1905065,257.17688,2019-05-06,5
1905075,246.2646,2019-05-07,5
1905085,240.43744,2019-05-08,5
1905095,251.73357,2019-05-09,5
1905105,269.972,2019-05-10,5
1905115,307.43582,2019-05-11,5
1905125,290.92676,2019-05-12,5
1905135,257.12137,2019-05-13,5
1905145,246.20973,2019-05-14,5
1905155,240.38255,2019-05-15,5
1905165,251.6801,2019-05-16,5
1905175,269.91922,2019-05-17,5
1905185,307.38385,2019-05-18,5
1905195,290.98273,2019-05-19,5
1905205,257.07098,2019-05-20,5
1905215,246.1602,2019-05-21,5
1905225,240.33392,2019-05-22,5
1905235,251.63234,2019-05-23,5
1905245,269.87244,2019-05-24,5
1905255,307.338,2019-05-25,5
1905265,291.03162,2019-05-26,5
1905275,257.02728,2019-05-27,5
1905285,246.1176,2019-05-28,5
1905295,240.29247,2019-05-29,5
1905305,300.0,2019-05-30,5
1905315,269.83337,2019-05-31,5
1906015,338.46313,2019-06-01,5
1906025,292.59717,2019-06-02,5
1906035,263.46472,2019-06-03,5
1906045,253.78647,2019-06-04,5
1906055,261.08008,2019-06-05,5
1906065,252.73149,2019-06-06,5
1906075,279.2859,2019-06-07,5
1906085,338.53607,2019-06-08,5
1906095,292.62628,2019-06-09,5
1906105,300.0,2019-06-10,5
1906115,253.76295,2019-06-11,5
1906125,261.05814,2019-06-12,5
1906135,252.71121,2019-06-13,5
1906145,279.26724,2019-06-14,5
1906155,338.58005,2019-06-15,5
1906165,292.64297,2019-06-16,5
1906175,263.42606,2019-06-17,5
1906185,253.75111,2019-06-18,5
1906195,261.04807,2019-06-19,5
1906205,252.70285,2019-06-20,5
1906215,279.26065,2019-06-21,5
1906225,338.59244,2019-06-22,5
1906235,292.6462,2019-06-23,5
1906245,263.4248,2019-06-24,5
1906255,253.75168,2019-06-25,5
1906265,261.05038,2019-06-26,5
1906275,252.70695,2019-06-27,5
1906285,307.5057,2019-06-28,5
1906295,376.40366,2019-06-29,5
1906305,329.41235,2019-06-30,5
1907015,304.26392,2019-07-01,5
1907025,312.87042,2019-07-02,5
1907035,319.6189,2019-07-03,5
1907045,296.542,2019-07-04,5
1907055,307.50125,2019-07-05,5
1907065,336.68405,2019-07-06,5
1907075,347.94833,2019-07-07,5
1907085,304.20483,2019-07-08,5
1907095,312.80725,2019-07-09,5
1907115,296.47098,2019-07-11,5
1907125,307.4264,2019-07-12,5
1907135,336.60547,2019-07-13,5
1907145,347.8661,2019-07-14,5
1907155,304.11905,2019-07-15,5
1907165,312.71802,2019-07-16,5
1907175,319.45917,2019-07-17,5
1907185,296.37506,2019-07-18,5
1907195,307.32724,2019-07-19,5
1907205,336.50323,2019-07-20,5
1907215,347.76083,2019-07-21,5
1907225,304.01086,2019-07-22,5
1907235,312.607,2019-07-23,5
1907245,319.3454,2019-07-24,5
1907255,296.25867,2019-07-25,5
1907265,307.2083,2019-07-26,5
1907275,336.38184,2019-07-27,5
1907285,347.6371,2019-07-28,5
1907295,303.88486,2019-07-29,5
1907305,312.47876,2019-07-30,5
1811016,45.21324,2018-11-01,6
1811026,50.119545,2018-11-02,6
1811036,45.96737,2018-11-03,6
1811046,45.066147,2018-11-04,6
1811056,44.589504,2018-11-05,6
1811066,49.47884,2018-11-06,6
1811076,48.889664,2018-11-07,6
1811086,45.904842,2018-11-08,6
1811096,50.788765,2018-11-09,6
1811106,46.6911,2018-11-10,6
1811116,45.463722,2018-11-11,6
1811126,45.25615,2018-11-12,6
1811136,50.16415,2018-11-13,6
1811146,49.62117,2018-11-14,6
1811156,46.550655,2018-11-15,6
1811166,51.411003,2018-11-16,6
1811176,47.36099,2018-11-17,6
1811186,45.829956,2018-11-18,6
1811196,45.86711,2018-11-19,6
1811206,50.78885,2018-11-20,6
1811216,50.28417,2018-11-21,6
1811226,47.132465,2018-11-22,6
1811236,51.96797,2018-11-23,6
1811246,47.95653,2018-11-24,6
1811256,46.153187,2018-11-25,6
1811266,46.402203,2018-11-26,6
1811276,51.331482,2018-11-27,6
1811286,50.85505,2018-11-28,6
1811296,47.62876,2018-11-29,6
1811306,52.43836,2018-11-30,6
1812016,59.91397,2018-12-01,6
1812026,54.555195,2018-12-02,6
1812036,50.67833,2018-12-03,6
1812046,60.598034,2018-12-04,6
1812056,57.88008,2018-12-05,6
1812066,55.80933,2018-12-06,6
1812076,61.349525,2018-12-07,6
1812086,60.288994,2018-12-08,6
1812096,54.752327,2018-12-09,6
1812106,50.993446,2018-12-10,6
1812116,60.929207,2018-12-11,6
1812126,58.19014,2018-12-12,6
1812136,56.070076,2018-12-13,6
1812146,61.580658,2018-12-14,6
1812156,60.51928,2018-12-15,6
1812166,54.867718,2018-12-16,6
1812176,51.167744,2018-12-17,6
1812186,61.100677,2018-12-18,6
1812196,58.337467,2018-12-19,6
1812206,56.18145,2018-12-20,6
1812216,65.16693,2018-12-21,6
1812226,76.64738,2018-12-22,6
1812236,64.971794,2018-12-23,6
1812246,70.0,2018-12-24,6
1812276,57.707825,2018-12-27,6
1812286,65.12721,2018-12-28,6
